date	ad+hoc	aims+develop	better+understanding	big+data	bring+together	brings+together	broad+range	broader+impact	broader+impact:	broader+impacts	broader+impacts:	cloud+computing	computer+science	computer+science,	computer+science.	computer+systems	computer+vision	data+analysis	data+management	data+mining	data+sets	data+structures	develop+new	develop+novel	developed+project	developing+new	development+new	doctoral+consortium	efficient+algorithms	goal+project	goal+research	graduate+students	graduate+undergraduate	hardware+software	high+performance	high+school	information+technology	intellectual+merit	international+conference	large+number	large+scale	learning+algorithms	machine+learning	machine+learning,	made+available	natural+language	new+algorithms	new+generation	new+methods	new+research	new+techniques	next+generation	objective+project	open+source	performance+computing	project+addresses	project+aims	project+also	project+develop	project+developing	project+develops	project+explores	project+focuses	project+include	project+includes	project+investigate	project+investigates	project+provide	project+seeks	proposed+research	proposed+work	research+also	research+community	research+develop	research+development	research+education	research+focuses	research+program	research+project	research+projects	research+results	research+team	results+project	results+research	science+engineering	sensor+networks	signal+processing	software+development	software+engineering	software+tools	state+art	state+university	take+advantage	techniques+developed	undergraduate+graduate	undergraduate+students	underrepresented+groups	wide+range	wide+variety	wireless+networks
1981	0	0	0	0	0	0	0	0	0	0	0	0	0	0	0	0	0	0	0	0	0	0	0	0	0	0	0	0	0	0	0	0	0	0	0	0	0	0	0	0	0	0	0	0	0	0	0	0	0	0	0	0	0	0	0	0	0	0	0	0	0	0	0	0	0	0	0	0	0	0	0	0	0	0	0	0	0	0	0	0	0	0	0	0	0	0	0	0	0	0	0	0	0	0	0	0	0	0	0	0
1982	0	0	0	0	0	0	0	0	0	0	0	0	0	0	0	0	0	0	0	0	0	0	0	0	0	0	0	0	0	0	0	0	0	0	0	0	0	0	0	0	0	0	0	0	0	0	0	0	0	0	0	0	0	0	0	0	0	0	0	0	0	0	0	0	0	0	0	0	0	0	0	0	0	0	0	0	0	0	0	0	0	0	0	0	0	0	0	0	0	0	0	0	0	0	0	0	0	0	0	0
1983	0	0	0	0	0	0	0	0	0	0	0	0	0	0	0	0	0	0	0	0	0	0	0	0	0	0	0	0	0	0	0	0	0	0	0	0	0	0	0	0	0	0	0	0	0	0	0	0	0	0	0	0	0	0	0	0	0	0	0	0	0	0	0	0	0	0	0	0	0	0	0	0	0	0	0	0	0	0	0	0	0	0	0	0	0	0	0	0	0	0	0	0	0	0	0	0	0	0	0	0
1984	0	0	0	0	0	0	0	0	0	0	0	0	0	0	0	0	0	0	0	0	0	0	3.5714285714285716	0	0	0	0	0	3.5714285714285716	0	7.142857142857143	0	0	0	0	0	0	0	0	3.5714285714285716	21.42857142857143	0	0	0	0	0	0	0	3.5714285714285716	0	0	0	0	0	0	0	0	0	0	0	0	0	0	0	0	3.5714285714285716	3.5714285714285716	0	0	0	0	3.5714285714285716	0	0	3.5714285714285716	0	3.5714285714285716	28.571428571428573	10.714285714285715	0	0	0	0	0	0	0	28.571428571428573	0	0	7.142857142857143	0	0	0	0	0	0	0	0	3.5714285714285716	0
1985	0	0	0	0	0	2.5588536335721597	0	0	0	0	0	0	5.117707267144319	0	0	5.117707267144319	0	0	0	0	0	0	0	0	0	0	0	0	2.5588536335721597	0	7.676560900716479	0	0	0	2.5588536335721597	0	0	0	0	5.117707267144319	5.117707267144319	0	0	0	0	5.117707267144319	5.117707267144319	0	0	2.5588536335721597	0	0	2.5588536335721597	0	0	0	0	0	5.117707267144319	0	0	0	2.5588536335721597	0	0	0	0	2.5588536335721597	0	5.117707267144319	0	0	0	2.5588536335721597	0	0	2.5588536335721597	7.676560900716479	7.676560900716479	2.5588536335721597	0	0	0	0	0	0	28.147389969293755	0	0	0	0	0	0	0	0	0	0	2.5588536335721597	0	0
1986	0	0	1.2242899118511263	0	0	0	0	0	0	0	0	0	4.897159647404505	0	4.897159647404505	7.345739471106758	4.897159647404505	0	1.2242899118511263	0	0	3.672869735553379	1.2242899118511263	0	0	1.2242899118511263	2.4485798237022527	0	2.4485798237022527	0	2.4485798237022527	0	0	1.2242899118511263	2.4485798237022527	0	0	0	0	1.2242899118511263	2.4485798237022527	0	4.897159647404505	0	0	1.2242899118511263	2.4485798237022527	0	0	0	1.2242899118511263	1.2242899118511263	0	0	0	1.2242899118511263	0	0	1.2242899118511263	0	0	0	3.672869735553379	0	0	0	0	4.897159647404505	0	2.4485798237022527	2.4485798237022527	2.4485798237022527	0	3.672869735553379	2.4485798237022527	0	2.4485798237022527	2.4485798237022527	9.79431929480901	1.2242899118511263	0	1.2242899118511263	0	1.2242899118511263	15.915768854064643	0	9.79431929480901	0	4.897159647404505	2.4485798237022527	0	2.4485798237022527	0	1.2242899118511263	0	0	0	4.897159647404505	4.897159647404505	0
1987	0.55286800276434	0.27643400138217	2.48790601243953	0	0.27643400138217	1.3821700069108502	0.55286800276434	0	0	0	0	0	9.95162404975812	0.55286800276434	7.740152038700761	3.31720801658604	4.14651002073255	0	0	0	0	1.3821700069108502	1.3821700069108502	0	0.27643400138217	1.9350380096751902	1.65860400829302	0	1.9350380096751902	0.82930200414651	1.9350380096751902	1.3821700069108502	0	0.55286800276434	2.21147201105736	0	0.82930200414651	0	0.55286800276434	1.65860400829302	2.21147201105736	0.27643400138217	1.10573600552868	0.27643400138217	0	4.14651002073255	2.21147201105736	0.27643400138217	0.27643400138217	0.55286800276434	1.10573600552868	0	0.27643400138217	0	0	1.3821700069108502	1.3821700069108502	0.82930200414651	2.48790601243953	0.55286800276434	0	0.82930200414651	1.10573600552868	0	0.27643400138217	1.3821700069108502	0.82930200414651	0	0.27643400138217	4.97581202487906	1.65860400829302	0.55286800276434	1.3821700069108502	1.9350380096751902	0.55286800276434	0	1.9350380096751902	1.3821700069108502	3.59364201796821	4.14651002073255	3.04077401520387	0.55286800276434	0	0.55286800276434	6.63441603317208	0	4.69937802349689	2.7643400138217005	0.27643400138217	2.7643400138217005	0.55286800276434	3.04077401520387	0.82930200414651	1.10573600552868	0	1.9350380096751902	0	2.21147201105736	0.55286800276434	0
1988	0.8021175904387583	1.0694901205850111	0.8021175904387583	0	2.673725301462528	0.5347450602925056	0.2673725301462528	0	0	0	0	0	12.299136386727627	2.1389802411700223	7.486430844095079	4.81270554263255	3.4758428919012863	0.2673725301462528	0.2673725301462528	0	0.2673725301462528	2.94109783160878	2.673725301462528	0.2673725301462528	0	1.336862650731264	1.8716077110237697	0	1.6042351808775166	2.673725301462528	5.614823133071309	0.5347450602925056	0	1.6042351808775166	2.673725301462528	0.2673725301462528	0.5347450602925056	0	0.8021175904387583	1.336862650731264	2.673725301462528	0.5347450602925056	0.2673725301462528	0.2673725301462528	0.5347450602925056	8.55592096468009	2.406352771316275	0.5347450602925056	1.6042351808775166	0.8021175904387583	0.5347450602925056	1.0694901205850111	2.94109783160878	0	0.5347450602925056	0.8021175904387583	0.2673725301462528	1.0694901205850111	4.0105879521937915	0.2673725301462528	0	0.2673725301462528	0.8021175904387583	0	0	1.0694901205850111	0.5347450602925056	0.2673725301462528	0.2673725301462528	4.277960482340045	1.0694901205850111	0.8021175904387583	0	3.208470361755033	1.336862650731264	0.8021175904387583	3.7432154220475393	0.5347450602925056	2.406352771316275	2.406352771316275	0	0	0	0.5347450602925056	11.229646266142618	0	5.080078072778803	1.6042351808775166	2.94109783160878	1.0694901205850111	1.336862650731264	2.1389802411700223	1.6042351808775166	0.8021175904387583	0	3.208470361755033	0	3.208470361755033	1.336862650731264	0
1989	0.891583452211127	0.4457917261055635	1.3373751783166905	0	1.3373751783166905	0.6686875891583453	0.6686875891583453	0	0	0	0	0	13.150855920114122	1.560271041369472	4.012125534950071	0.6686875891583453	1.560271041369472	0.4457917261055635	0.22289586305278175	0	0.22289586305278175	2.897646219686163	1.560271041369472	0	0	0.4457917261055635	1.1144793152639088	0	3.120542082738944	3.343437945791726	2.674750356633381	1.3373751783166905	0.4457917261055635	1.783166904422254	2.897646219686163	0.4457917261055635	0.22289586305278175	0	0.22289586305278175	0.6686875891583453	1.783166904422254	0.6686875891583453	1.1144793152639088	0.4457917261055635	0.6686875891583453	2.0060627674750355	1.783166904422254	0.22289586305278175	0.891583452211127	0.891583452211127	1.783166904422254	0.6686875891583453	1.560271041369472	0	0.4457917261055635	0.891583452211127	0.6686875891583453	1.3373751783166905	4.012125534950071	0.22289586305278175	0.6686875891583453	0.6686875891583453	0.891583452211127	0.891583452211127	0.891583452211127	1.560271041369472	3.343437945791726	0.4457917261055635	1.1144793152639088	2.451854493580599	0.6686875891583453	0.4457917261055635	0.4457917261055635	1.783166904422254	2.674750356633381	0.4457917261055635	2.2289586305278175	1.560271041369472	2.451854493580599	2.2289586305278175	0.6686875891583453	0.22289586305278175	0.22289586305278175	1.3373751783166905	7.57845934379458	0	7.801355206847361	0.891583452211127	1.783166904422254	0.6686875891583453	0.4457917261055635	1.3373751783166905	1.3373751783166905	0.6686875891583453	0.4457917261055635	2.2289586305278175	0	1.3373751783166905	2.674750356633381	0
1990	0	0.8194169029318736	0.8194169029318736	0	1.1471836641046231	0.16388338058637472	0.32776676117274944	0	0	0	0	0	11.144069879873483	1.802717186450122	2.7860174699683706	1.4749504252773726	1.6388338058637473	0.32776676117274944	0	0	0.32776676117274944	2.4582507087956214	2.1304839476228716	0.16388338058637472	0.32776676117274944	0.9833002835182484	1.6388338058637473	0	2.6221340893819955	5.244268178763991	4.916501417591243	2.6221340893819955	0	0.9833002835182484	2.4582507087956214	0.4916501417591242	0.6555335223454989	0	0.16388338058637472	1.4749504252773726	1.9666005670364968	0.9833002835182484	0.9833002835182484	0.8194169029318736	0.16388338058637472	4.097084514659368	1.9666005670364968	0.4916501417591242	1.3110670446909978	0.4916501417591242	1.3110670446909978	1.1471836641046231	2.2943673282092463	0	0.32776676117274944	1.1471836641046231	0.32776676117274944	1.6388338058637473	3.4415509923138696	0.32776676117274944	0.32776676117274944	0.6555335223454989	1.3110670446909978	0.32776676117274944	0	2.2943673282092463	1.4749504252773726	1.4749504252773726	0.32776676117274944	2.7860174699683706	0.16388338058637472	0.9833002835182484	0.16388338058637472	4.260967895245743	1.802717186450122	1.1471836641046231	2.4582507087956214	0.9833002835182484	2.9499008505547453	2.9499008505547453	0.8194169029318736	0	0	0.9833002835182484	1.6388338058637473	0	6.22756846228224	0.8194169029318736	1.6388338058637473	1.802717186450122	0.8194169029318736	2.1304839476228716	0.9833002835182484	1.4749504252773726	0	3.11378423114112	0.16388338058637472	3.11378423114112	1.6388338058637473	0.32776676117274944
1991	0.4428828722430541	0.4428828722430541	1.9191591130532346	0	1.4762762408101804	0.5905104963240722	0.8857657444861082	0	0	0	0	0	9.595795565266172	1.6239038648911983	1.0333933685671264	1.0333933685671264	4.724083970592577	0.4428828722430541	1.0333933685671264	0	0.5905104963240722	1.7715314889722165	1.3286486167291625	0	0.14762762408101804	0.2952552481620361	1.7715314889722165	0	3.543062977944433	2.657297233458325	6.0527325873217395	1.0333933685671264	0	1.1810209926481443	4.428828722430541	0.8857657444861082	0	0	1.0333933685671264	1.9191591130532346	2.657297233458325	0.5905104963240722	1.6239038648911983	0.5905104963240722	0.5905104963240722	1.9191591130532346	1.3286486167291625	0.8857657444861082	1.0333933685671264	0.5905104963240722	2.0667867371342528	0.8857657444861082	2.2144143612152707	0	0.5905104963240722	1.4762762408101804	0.2952552481620361	1.3286486167291625	2.0667867371342528	0.14762762408101804	0	0.2952552481620361	1.1810209926481443	0.2952552481620361	0.4428828722430541	2.0667867371342528	1.6239038648911983	0.7381381204050902	0	5.166966842835632	1.1810209926481443	1.4762762408101804	0.8857657444861082	4.2812010983495234	1.9191591130532346	1.0333933685671264	2.804924857539343	1.9191591130532346	2.509669609377307	5.019339218754614	0.2952552481620361	0.4428828722430541	0.8857657444861082	0.5905104963240722	1.1810209926481443	0	3.1001801057013787	1.3286486167291625	0.8857657444861082	0.7381381204050902	0.7381381204050902	1.4762762408101804	1.4762762408101804	1.7715314889722165	0.4428828722430541	0.8857657444861082	0	1.0333933685671264	1.1810209926481443	0
1992	0.2747705665769083	1.0990822663076332	0.8243116997307248	0	2.4729350991921746	0.5495411331538166	0.13738528328845415	0	0	0	0	0	8.243116997307249	1.2364675495960873	3.159861515634445	1.2364675495960873	2.3355498159037205	0.2747705665769083	0.8243116997307248	0	0.9616969830191789	2.0607792493268122	1.6486233994614496	0.13738528328845415	0.6869264164422707	0.9616969830191789	1.5112381161729957	0	2.6103203824806287	3.0224762323459915	3.4346320822113534	0.5495411331538166	0	0.4121558498653624	9.479584546903336	0	0.2747705665769083	0	0.4121558498653624	1.5112381161729957	1.6486233994614496	0.4121558498653624	2.3355498159037205	0.4121558498653624	1.2364675495960873	3.0224762323459915	1.7860086827499038	0.8243116997307248	1.7860086827499038	0.5495411331538166	1.6486233994614496	0.9616969830191789	1.2364675495960873	0	3.7094026487882616	1.0990822663076332	1.2364675495960873	0.9616969830191789	4.1215584986536244	0	0.5495411331538166	0.2747705665769083	0.9616969830191789	0.2747705665769083	0	2.3355498159037205	1.9233939660383579	0.5495411331538166	0.5495411331538166	4.1215584986536244	0.2747705665769083	1.7860086827499038	0.13738528328845415	3.4346320822113534	1.7860086827499038	2.1981645326152663	1.5112381161729957	0.6869264164422707	2.6103203824806287	3.2972467989228993	0.4121558498653624	0.13738528328845415	0.4121558498653624	1.7860086827499038	2.3355498159037205	0	3.98417321536517	2.0607792493268122	1.9233939660383579	0.6869264164422707	1.0990822663076332	0.8243116997307248	1.3738528328845414	1.0990822663076332	0.13738528328845415	1.6486233994614496	0	1.9233939660383579	0.9616969830191789	0.13738528328845415
1993	0.5470085470085471	0.13675213675213677	1.2307692307692306	0	1.641025641025641	0.9572649572649573	0.13675213675213677	0	0	0	0	0	8.752136752136753	1.2307692307692306	0.6837606837606838	0.41025641025641024	1.641025641025641	0.27350427350427353	0.8205128205128205	0.13675213675213677	0.8205128205128205	1.3675213675213675	1.5042735042735043	0.27350427350427353	0.27350427350427353	0.5470085470085471	0.9572649572649573	0	3.555555555555556	2.5982905982905984	3.555555555555556	0.6837606837606838	0.27350427350427353	1.5042735042735043	5.05982905982906	0.13675213675213677	0.6837606837606838	0	0.41025641025641024	0.5470085470085471	0.9572649572649573	0.6837606837606838	1.2307692307692306	0.27350427350427353	1.0940170940170941	0.9572649572649573	1.0940170940170941	0.27350427350427353	1.0940170940170941	0.41025641025641024	0.8205128205128205	0.27350427350427353	2.1880341880341883	0	1.2307692307692306	1.641025641025641	0.27350427350427353	0.5470085470085471	2.5982905982905984	0.41025641025641024	1.0940170940170941	0.5470085470085471	1.3675213675213675	0.6837606837606838	0.5470085470085471	1.3675213675213675	1.5042735042735043	0.6837606837606838	0.13675213675213677	4.512820512820513	1.3675213675213675	1.641025641025641	0.6837606837606838	2.1880341880341883	2.1880341880341883	2.1880341880341883	1.641025641025641	0.8205128205128205	2.4615384615384612	2.324786324786325	0.6837606837606838	0	0.6837606837606838	1.2307692307692306	1.777777777777778	0	2.871794871794872	1.5042735042735043	1.2307692307692306	1.641025641025641	0.5470085470085471	0.9572649572649573	1.2307692307692306	1.2307692307692306	0.27350427350427353	0.8205128205128205	0.13675213675213677	1.9145299145299146	1.2307692307692306	0
1994	0.2904022070567736	0.5808044141135472	0.43560331058516044	0	1.5972121388122549	0.1452011035283868	0.5808044141135472	0.1452011035283868	0	0	0	0	7.986060694061275	1.4520110352838682	1.3068099317554813	1.7424132423406418	0.5808044141135472	0	0.2904022070567736	0	1.0164077246987078	0.2904022070567736	2.758820967039349	0	0.2904022070567736	0.7260055176419341	1.8876143458690287	0	2.1780165529258024	2.758820967039349	3.63002758820967	1.3068099317554813	0	0.5808044141135472	6.2436474517206335	0.2904022070567736	0	0	0	1.4520110352838682	1.3068099317554813	0.5808044141135472	1.1616088282270944	0.1452011035283868	1.0164077246987078	1.3068099317554813	0.43560331058516044	0.7260055176419341	1.4520110352838682	0.43560331058516044	0.7260055176419341	0.8712066211703209	1.5972121388122549	0	1.8876143458690287	1.5972121388122549	0.7260055176419341	1.4520110352838682	3.7752286917380573	0.7260055176419341	1.4520110352838682	0.8712066211703209	1.1616088282270944	0.5808044141135472	0.8712066211703209	2.9040220705677364	2.1780165529258024	1.3068099317554813	0.8712066211703209	4.501234209379991	0.5808044141135472	1.1616088282270944	0.7260055176419341	2.6136198635109626	0.8712066211703209	1.8876143458690287	1.0164077246987078	1.1616088282270944	3.0492231740961233	2.4684187599825758	0.7260055176419341	0.43560331058516044	0.1452011035283868	0.43560331058516044	1.4520110352838682	0	2.4684187599825758	1.0164077246987078	0.7260055176419341	0.8712066211703209	0.5808044141135472	4.646435312908378	1.7424132423406418	1.4520110352838682	0	0.8712066211703209	0	2.6136198635109626	1.4520110352838682	0.2904022070567736
1995	0.40876946764589667	0.40876946764589667	1.4988213813682878	0	2.180103827444782	0.6812824460764944	0.8175389352917933	0	0	0	0	0	7.630363396056737	1.9075908490141842	0.5450259568611955	1.9075908490141842	1.9075908490141842	0.27251297843059774	0.8175389352917933	0.6812824460764944	0.9537954245070921	2.043847338229483	2.4526168058753797	0	0.27251297843059774	0.8175389352917933	2.3163603166600812	0	2.180103827444782	3.9514381872436677	3.5426687195977706	1.4988213813682878	0.9537954245070921	1.6350778705835867	7.766619885272036	0.27251297843059774	0.27251297843059774	0	0.40876946764589667	1.3625648921529887	1.2263084029376898	0.6812824460764944	0.9537954245070921	0.5450259568611955	0.8175389352917933	2.588873295090679	2.180103827444782	0	0.40876946764589667	0.6812824460764944	1.3625648921529887	1.090051913722391	1.6350778705835867	0	1.2263084029376898	1.6350778705835867	1.090051913722391	1.7713343597988853	5.177746590181358	0.8175389352917933	1.090051913722391	1.090051913722391	2.3163603166600812	1.090051913722391	1.4988213813682878	1.6350778705835867	2.180103827444782	0.8175389352917933	0.5450259568611955	2.7251297843059774	0.27251297843059774	0.5450259568611955	0.5450259568611955	3.67892520881307	2.3163603166600812	4.360207654889564	2.043847338229483	2.180103827444782	5.995285525473151	2.7251297843059774	0.5450259568611955	0.40876946764589667	0.5450259568611955	1.4988213813682878	1.9075908490141842	0	2.4526168058753797	0.8175389352917933	1.9075908490141842	1.2263084029376898	0.5450259568611955	2.588873295090679	0.40876946764589667	1.6350778705835867	2.588873295090679	1.2263084029376898	0	2.180103827444782	1.7713343597988853	0.40876946764589667
1996	0.6093176860551555	0.6093176860551555	0.8530447604772176	0	1.218635372110311	0	0.6093176860551555	0	0	0	0	0	5.361995637285367	1.584225983743404	0.9749082976882487	0.12186353721103109	0.8530447604772176	0.12186353721103109	1.3404989093213417	0.7311812232661865	1.3404989093213417	0.8530447604772176	2.6809978186426835	0.6093176860551555	0.9749082976882487	0.9749082976882487	2.0716801325875287	0	2.5591342814316524	5.361995637285367	3.290315504697839	1.584225983743404	0.48745414884412436	1.218635372110311	13.283125556002389	2.0716801325875287	0.9749082976882487	0	0	1.584225983743404	2.0716801325875287	0.9749082976882487	1.9498165953764974	0.12186353721103109	0.8530447604772176	0.9749082976882487	2.315407207009591	0.24372707442206218	1.584225983743404	1.0967718348992799	1.584225983743404	0.8530447604772176	2.0716801325875287	0	3.777769653541964	0.8530447604772176	1.584225983743404	1.3404989093213417	4.996405025652275	0.8530447604772176	0.7311812232661865	0.7311812232661865	2.5591342814316524	0.24372707442206218	1.3404989093213417	1.7060895209544351	1.7060895209544351	0.9749082976882487	0.9749082976882487	4.50895087680815	0.9749082976882487	0.8530447604772176	1.0967718348992799	2.8028613558537154	1.218635372110311	2.315407207009591	2.0716801325875287	1.584225983743404	3.777769653541964	4.752677951230212	1.0967718348992799	0.24372707442206218	0.24372707442206218	1.584225983743404	1.0967718348992799	0	3.6559061163309323	0.9749082976882487	0.8530447604772176	1.218635372110311	1.462362446532373	4.143360265175057	1.584225983743404	2.0716801325875287	2.0716801325875287	0.9749082976882487	0.24372707442206218	2.315407207009591	1.584225983743404	0.7311812232661865
1997	0.681344779925636	0.4866748428040258	1.362689559851272	0	1.1680196227296618	0.38933987424322064	0.29200490568241544	0	0	0	0	0	7.008117736377971	2.141369308337713	1.1680196227296618	0.681344779925636	2.0440343397769083	0.29200490568241544	0.8760147170472464	0.5840098113648309	0.7786797484864413	3.114718993945765	2.141369308337713	0.09733496856080516	0.4866748428040258	1.4600245284120774	1.8493644026552978	0.09733496856080516	1.6546944655336875	3.21205396250657	4.672078490918647	2.628044151141739	1.1680196227296618	0.4866748428040258	15.573594969728825	0.7786797484864413	1.5573594969728826	0	0.19466993712161032	1.7520294340944929	2.141369308337713	0.8760147170472464	1.362689559851272	0.681344779925636	0.7786797484864413	1.9466993712161031	2.3360392454593235	0.681344779925636	0.38933987424322064	0.7786797484864413	1.4600245284120774	2.0440343397769083	0.9733496856080516	0	1.0706846541688566	1.2653545912904671	1.5573594969728826	1.5573594969728826	5.158753333722673	0.681344779925636	0.38933987424322064	0.4866748428040258	1.7520294340944929	0.4866748428040258	1.0706846541688566	2.3360392454593235	2.433374214020129	1.2653545912904671	0.8760147170472464	4.1854036481146215	1.8493644026552978	1.1680196227296618	0.38933987424322064	2.5307091825809342	1.1680196227296618	2.725379119702544	2.0440343397769083	1.1680196227296618	3.6987288053105956	2.5307091825809342	0.9733496856080516	0.19466993712161032	0.681344779925636	1.7520294340944929	1.8493644026552978	0	5.353423270844284	1.1680196227296618	1.8493644026552978	1.0706846541688566	0.8760147170472464	1.9466993712161031	1.5573594969728826	0.681344779925636	2.2387042768985186	1.9466993712161031	0.09733496856080516	2.141369308337713	1.7520294340944929	0.29200490568241544
1998	1.3211930373126934	0.5504970988802889	1.7615907164169244	0	1.4312924570887513	0.5504970988802889	0.5504970988802889	0.11009941977605778	0	0	0	0	6.716064606339525	1.7615907164169244	1.2110936175366356	0.8807953582084622	1.1009941977605777	1.2110936175366356	1.3211930373126934	3.0827837537296174	1.7615907164169244	1.5413918768648087	1.6514912966408666	0.33029825932817336	0.7706959384324044	1.6514912966408666	1.5413918768648087	0.11009941977605778	1.9817895559690402	1.9817895559690402	5.504970988802889	1.6514912966408666	0.8807953582084622	1.1009941977605777	10.679643718277605	0.33029825932817336	1.8716901361929823	0	0.4403976791042311	1.5413918768648087	0.4403976791042311	0.7706959384324044	2.0918889757450976	0.4403976791042311	1.9817895559690402	2.3120878152972133	1.5413918768648087	0.6605965186563467	1.2110936175366356	0.7706959384324044	1.9817895559690402	3.1928831735056757	1.4312924570887513	0	1.2110936175366356	0.8807953582084622	1.3211930373126934	2.642386074625387	3.6332808526099067	1.3211930373126934	0.6605965186563467	0.7706959384324044	1.1009941977605777	1.1009941977605777	0.7706959384324044	1.6514912966408666	1.7615907164169244	1.1009941977605777	0.9908947779845201	5.725169828355005	1.3211930373126934	1.1009941977605777	0.7706959384324044	3.302982593281733	0.8807953582084622	1.3211930373126934	2.642386074625387	1.2110936175366356	3.0827837537296174	5.39487156902683	0.7706959384324044	0.11009941977605778	1.1009941977605777	1.6514912966408666	1.9817895559690402	0	3.523181432833849	1.6514912966408666	0.8807953582084622	0.5504970988802889	1.4312924570887513	3.853479692162022	1.5413918768648087	1.5413918768648087	1.1009941977605777	0.9908947779845201	0.33029825932817336	1.5413918768648087	1.5413918768648087	0.4403976791042311
1999	3.8359767649407384	0.7045671609074825	1.3308490817141336	0	1.8005605223191221	0.3131409604033255	0.5479966807058197	0.15657048020166275	0	0	0	0	5.245111086755704	0.9394228812099767	0.7045671609074825	0.7828524010083139	1.1742786015124709	0.7045671609074825	0.9394228812099767	1.7222752822182905	1.7222752822182905	1.4874195619157964	2.426842443125773	0.39142620050415694	0.5479966807058197	1.252563841613302	1.8005605223191221	0.07828524010083138	1.6439900421174591	3.6011210446382442	4.6971144060498835	1.0959933614116395	1.0959933614116395	1.409134321814965	5.245111086755704	0	1.0959933614116395	0	0.2348557203024942	1.409134321814965	1.0959933614116395	0.9394228812099767	1.409134321814965	0.3131409604033255	1.409134321814965	1.252563841613302	1.252563841613302	0.626281920806651	0.7828524010083139	0.9394228812099767	1.7222752822182905	4.0708324852432325	1.0959933614116395	0.15657048020166275	0.39142620050415694	1.252563841613302	1.5657048020166278	2.3485572030249418	5.166825846654872	1.3308490817141336	0.626281920806651	0.8611376411091453	1.7222752822182905	0.7045671609074825	0.626281920806651	1.7222752822182905	1.8788457624199535	0.5479966807058197	0.7828524010083139	8.298235450688127	2.6616981634282673	1.3308490817141336	0.5479966807058197	2.6616981634282673	0.7828524010083139	1.4874195619157964	2.81826864362993	1.8788457624199535	4.149117725344063	0.7828524010083139	1.5657048020166278	0.8611376411091453	0.8611376411091453	1.8005605223191221	1.5657048020166278	0	2.505127683226604	2.8965538837307614	2.0354162426216162	1.409134321814965	1.5657048020166278	3.3662653243357497	1.252563841613302	1.8788457624199535	1.4874195619157964	1.3308490817141336	0.15657048020166275	2.583412923327436	1.4874195619157964	1.252563841613302
2000	1.8638495202451333	0.22366194242941603	2.1620654434843547	0	0.8200937889078588	0.44732388485883207	0.8200937889078588	0.14910796161961068	0	0.14910796161961068	0	0	7.231736138551119	1.5656335970059123	0.8200937889078588	1.1183097121470802	1.1928636929568854	0.5218778656686374	1.1183097121470802	2.534835347533382	1.4910796161961068	1.938403501054939	3.6531450596804613	0.5964318464784427	0.5964318464784427	0.5218778656686374	1.714741558625523	0.14910796161961068	2.012957481864744	3.5785910788706565	3.7276990404902666	2.1620654434843547	0.8200937889078588	1.714741558625523	2.012957481864744	0.6709858272882481	6.337088368833454	0.07455398080980534	0.5964318464784427	1.4910796161961068	1.3419716545764961	0.29821592323922136	1.5656335970059123	0.14910796161961068	1.4165256353863016	1.3419716545764961	1.7892955394353283	1.267417673766691	1.7892955394353283	1.1183097121470802	1.267417673766691	4.473238848588321	1.6401875778157176	0.7455398080980534	0.22366194242941603	1.4165256353863016	0.8200937889078588	1.5656335970059123	5.889764483974623	0.5964318464784427	0.8200937889078588	0.6709858272882481	1.5656335970059123	0.5218778656686374	0.22366194242941603	1.3419716545764961	1.6401875778157176	1.0437557313372747	0.7455398080980534	6.56075031126287	2.7584972899627975	0.8200937889078588	1.4165256353863016	2.1620654434843547	1.267417673766691	0.9692017505274695	2.012957481864744	2.012957481864744	3.7276990404902666	0.5964318464784427	1.0437557313372747	0.5218778656686374	0.9692017505274695	1.3419716545764961	1.0437557313372747	0.07455398080980534	3.20582117482163	1.3419716545764961	2.833051270772603	1.4165256353863016	1.1928636929568854	2.385727385913771	1.3419716545764961	1.1928636929568854	1.3419716545764961	1.7892955394353283	0.29821592323922136	3.429483117251046	2.012957481864744	1.4910796161961068
2001	2.0038406946647744	0.4174668113884946	1.5863738832762797	0	2.170827419220172	0.8349336227769892	1.5863738832762797	0.16698672455539784	0	0	0	0	4.592134925273441	1.5863738832762797	0.9184269850546882	1.3358937964431827	0.8349336227769892	1.252400434165484	1.5028805209985805	2.170827419220172	2.087334056942473	1.5028805209985805	5.093095098939634	0.4174668113884946	0.4174668113884946	1.6698672455539785	2.2543207814978707	0.4174668113884946	1.085413709610086	2.922267679719462	2.922267679719462	2.6717875928863655	1.3358937964431827	0.9184269850546882	3.7572013024964517	0.6679468982215914	5.761041997161226	0	0.4174668113884946	1.6698672455539785	1.8368539701093765	0.2504800868330968	1.252400434165484	0.5844535359438925	0.7514402604992902	1.4193871587208817	2.4213075060532687	1.0019203473323872	2.4213075060532687	0.8349336227769892	2.170827419220172	2.087334056942473	1.0019203473323872	0.5009601736661936	0.5844535359438925	1.5028805209985805	0.8349336227769892	0.7514402604992902	5.844535359438924	0.6679468982215914	0.6679468982215914	0.5844535359438925	1.5863738832762797	0.7514402604992902	0.7514402604992902	0.8349336227769892	1.0019203473323872	1.168907071887785	0.9184269850546882	6.762962344493612	2.170827419220172	1.168907071887785	0.5844535359438925	1.9203473323870752	1.0019203473323872	2.087334056942473	1.5863738832762797	1.5028805209985805	3.924188027051849	1.3358937964431827	0.7514402604992902	0.4174668113884946	1.252400434165484	1.0019203473323872	1.3358937964431827	0.5844535359438925	4.592134925273441	0.9184269850546882	1.4193871587208817	0.6679468982215914	1.252400434165484	2.922267679719462	1.085413709610086	0.8349336227769892	2.087334056942473	1.252400434165484	0.08349336227769892	2.2543207814978707	1.5028805209985805	0.4174668113884946
2002	2.8409914480359473	0.6957530076822729	1.3915060153645458	0	1.5074648499782577	0.869691259602841	0.5218147557617046	1.043629511523409	0.05797941730685607	0.9276706769096971	0.05797941730685607	0	5.450065226844471	1.5654442672851139	1.2755471807508336	2.1452384403536744	0.8117118422959849	0.9856500942165531	1.6234236845919698	2.9569502826496596	1.5074648499782577	0.7537324249891288	1.681403101898826	0.869691259602841	1.043629511523409	0.9276706769096971	1.6234236845919698	0	1.4494854326714017	2.3191766922742425	2.3771561095810987	1.681403101898826	1.2175677634439774	1.2175677634439774	5.218147557617046	1.2175677634439774	3.0729091172633716	0.46383533845484853	0.5218147557617046	1.6234236845919698	1.2175677634439774	0.40585592114799246	0.9856500942165531	0.6957530076822729	1.043629511523409	1.2175677634439774	0.9276706769096971	0.7537324249891288	0.8117118422959849	0.5797941730685606	1.2755471807508336	1.6234236845919698	0.8117118422959849	0.46383533845484853	0.8117118422959849	1.4494854326714017	1.8553413538193941	2.087259023046818	4.058559211479925	1.1016089288302653	0.46383533845484853	0.869691259602841	2.2611972749673863	0.6957530076822729	0.40585592114799246	1.1016089288302653	1.1595883461371213	0.6957530076822729	0.5218147557617046	7.885200753732425	1.1595883461371213	0.9276706769096971	0.6957530076822729	2.087259023046818	1.4494854326714017	1.8553413538193941	1.1595883461371213	1.3335265980576896	3.1308885345702278	1.6234236845919698	1.681403101898826	1.1016089288302653	0.5797941730685606	0.9856500942165531	1.1595883461371213	1.2175677634439774	2.9569502826496596	1.1595883461371213	0.869691259602841	0.7537324249891288	1.043629511523409	1.9713001884331063	0.9856500942165531	1.5654442672851139	1.9713001884331063	1.3915060153645458	0.2898970865342803	2.5510943615016672	1.3915060153645458	1.3335265980576896
2003	3.8581555472645253	1.2719194111861072	1.3143167248923107	0	1.6110979208357359	1.0599328426550894	1.2295220974799037	3.5613743513211005	1.7382898619543465	3.3069904690838787	2.2470576264287896	0	5.002883017332022	2.1622629990163826	1.1871247837737	1.1871247837737	2.0350710578977718	2.1622629990163826	0.7207543330054608	2.6710307634908252	1.4839059797171252	0.8479462741240714	2.289454940134993	1.102330156361293	0.8903435878302751	2.0774683716039752	1.9078791167791609	0.08479462741240715	1.6110979208357359	3.5189770376148966	1.9502764304853644	3.6461689787335074	2.0350710578977718	0.9751382152426822	2.798222704609436	0.9327409015364787	4.960485703625818	3.3493877827900826	0.5511650781806465	1.6958925482481428	1.6110979208357359	1.1871247837737	2.1198656853101787	0.8055489604178679	2.501441508666011	1.7382898619543465	1.6958925482481428	1.0175355289488859	1.2719194111861072	0.8055489604178679	1.102330156361293	3.2221958416714718	1.102330156361293	0.9751382152426822	0.5511650781806465	1.6958925482481428	1.9502764304853644	3.1374012142590644	4.875691076213411	0.8055489604178679	1.4839059797171252	0.59356239188685	1.6534952345419394	0.5511650781806465	1.102330156361293	1.2719194111861072	1.2719194111861072	1.102330156361293	1.1871247837737	8.394668113828308	2.5862361360784183	1.4415086660109215	1.399111352304718	1.992673744191568	1.7382898619543465	2.2470576264287896	1.0599328426550894	1.6958925482481428	2.4590441949598074	1.4415086660109215	1.9502764304853644	1.102330156361293	1.1447274700674965	1.9078791167791609	1.6534952345419394	4.409320625445172	2.4590441949598074	1.6110979208357359	1.3143167248923107	1.1871247837737	1.5687006071295322	1.1871247837737	1.0599328426550894	1.8654818030729574	2.798222704609436	2.501441508666011	0.7631516467116644	3.5613743513211005	1.9078791167791609	2.1622629990163826
2004	2.0255020351472828	0.626941106117016	1.398560929030267	0	1.3503346900981885	1.0609772565057196	1.495013406894423	3.568741680973784	3.42406296417755	5.690696193985223	2.555990663400143	0	8.728949246706147	1.8808233183510483	1.784370840486892	0.578714867184938	1.3503346900981885	1.253882212234032	1.253882212234032	1.6396921236906574	1.83259707941897	0.578714867184938	2.7488956191284553	0.6751673450490943	1.398560929030267	1.7361446015548139	2.1219545130114392	0.5304886282528598	0.7233935839811724	3.713420397770019	1.253882212234032	3.279384247381315	2.0255020351472828	0.9645247786415633	2.314859468739752	1.6396921236906574	3.713420397770019	5.835374910781458	0.48226238932078164	1.5432396458265012	1.3503346900981885	0.9645247786415633	2.941800574856768	0.8680723007774069	2.411311946603908	1.6396921236906574	1.0127510175736414	0.9645247786415633	1.7361446015548139	1.5914658847585794	1.1092034954377978	3.1347055305850806	0.916298539709485	1.4467871679623447	0.33758367252454713	1.784370840486892	1.7361446015548139	3.182931769517159	4.0510040702945656	1.157429734369876	1.9290495572831265	0.626941106117016	1.5432396458265012	1.7361446015548139	1.3021084511661103	1.398560929030267	1.6879183626227356	1.5914658847585794	1.1092034954377978	6.896352167287177	1.83259707941897	1.5914658847585794	1.5432396458265012	1.5432396458265012	1.205655973301954	1.9772757962152048	0.6751673450490943	1.5432396458265012	2.555990663400143	1.3021084511661103	2.2184069908755957	1.6396921236906574	1.784370840486892	1.8808233183510483	2.1219545130114392	3.1347055305850806	1.9772757962152048	0.9645247786415633	1.3503346900981885	1.1092034954377978	1.253882212234032	2.507764424468064	1.1092034954377978	1.3503346900981885	2.4595381855359864	2.3630857076718303	0.916298539709485	3.7616466367020966	1.83259707941897	1.5432396458265012
2005	3.217238118778862	0.7062230016831649	1.2555075585478486	0	1.6478536705940512	0.4708153344554432	1.49091522577557	4.786622566963673	4.786622566963673	2.8641266179372793	3.413411174801963	0	6.356007015148483	2.236372838663355	1.2555075585478486	0.9808652801155067	1.608619059389431	0.8631614465016458	0.7846922240924054	3.491880397211204	1.6870882817986717	0.8239268352970256	2.3933112834818364	0.7062230016831649	1.608619059389431	1.7655575042079121	1.9617305602310133	0.7846922240924054	1.3339767809570893	3.217238118778862	2.1579036162541145	4.237338010098989	2.7856573955280393	1.2555075585478486	2.5502497283003174	2.628718950709558	2.9033612291419	4.551214899735951	0.745457612887785	1.9224959490263933	1.0593345025247471	0.35311150084158244	2.079434393844874	0.5492845568646838	2.040199782640254	1.0593345025247471	1.2555075585478486	1.49091522577557	1.0985691137293676	1.2947421697524688	1.4124460033663297	3.060299673960381	0.8631614465016458	1.020099891320127	0.4315807232508229	1.177038336138608	1.45168061457095	2.5502497283003174	5.76748784707918	1.608619059389431	1.2162729473432283	0.6277537792739243	1.3339767809570893	1.4124460033663297	0.7846922240924054	1.5693844481848107	1.2555075585478486	1.3732113921617093	0.9808652801155067	7.33687229526399	2.1186690050494943	1.177038336138608	1.7655575042079121	1.8047921154125324	1.1378037249339878	2.3933112834818364	0.7846922240924054	1.4124460033663297	3.1387688963696214	1.4124460033663297	2.471780505891077	1.0985691137293676	2.040199782640254	2.040199782640254	2.0009651714356336	3.6095842308250647	2.5894843395049376	0.6669883904785446	1.6478536705940512	1.6478536705940512	1.49091522577557	2.197138227458735	0.9023960577062662	1.2947421697524688	2.040199782640254	2.471780505891077	1.49091522577557	3.0210650627557607	1.177038336138608	1.5301498369801905
2006	2.968255852860859	1.349207205845845	0.9174608999751745	0	1.7269852234826815	1.0793657646766759	1.7269852234826815	3.723811888134532	2.7523826999255236	2.8603192763931915	3.2380972940300277	0	8.904767558582577	2.7523826999255236	1.5650803587811801	1.2952389176120112	0.5936511705721719	0.9714291882090084	1.1333340529105098	1.5111120705473462	1.1873023411443437	0.7015877470398394	2.1047632411195183	1.1333340529105098	2.2126998175871857	1.0793657646766759	1.4571437823135127	1.349207205845845	0.7015877470398394	2.9142875646270254	1.2952389176120112	5.2888922469157125	1.7809535117165154	0.9174608999751745	2.7523826999255236	2.3746046822886875	2.1587315293533518	3.6158753116668643	1.2412706293781774	1.349207205845845	1.6190486470150138	0.10793657646766759	2.9142875646270254	0.7555560352736731	1.9428583764180167	0.9714291882090084	1.6190486470150138	1.5650803587811801	1.0793657646766759	1.0253974764428422	0.9714291882090084	2.7523826999255236	1.2412706293781774	1.349207205845845	0.8634926117413407	2.2126998175871857	2.0507949528856844	3.723811888134532	4.155558194005203	2.0507949528856844	2.2126998175871857	1.349207205845845	1.7269852234826815	1.0253974764428422	1.1333340529105098	0.7555560352736731	1.9428583764180167	1.0253974764428422	1.1873023411443437	6.098416570423219	1.7809535117165154	1.6190486470150138	2.7523826999255236	1.1873023411443437	0.9174608999751745	1.6190486470150138	1.888890088184183	1.4571437823135127	2.6444461234578562	1.5111120705473462	3.292065582263862	0.7555560352736731	1.6730169352488478	1.2952389176120112	3.0222241410946924	4.26349477047287	2.5904778352240223	0.9714291882090084	1.4571437823135127	1.2952389176120112	1.9428583764180167	1.834921799950349	0.9174608999751745	1.4031754940796788	2.69841441169169	1.834921799950349	1.6730169352488478	4.425399635174371	1.349207205845845	3.0222241410946924
2007	2.471546322956958	1.081301516293669	1.266667490515441	0	2.0390257164394905	1.5138221228111368	1.5447164518480987	3.676425155398475	2.934961258511388	3.552847839250627	4.232523078063791	0	9.175615723977707	1.5756107808850608	1.3902448066632889	1.173984503404555	1.112195845330631	1.081301516293669	1.0504071872567071	2.0699200454764526	0.9268298711088593	0.9577242001458212	2.471546322956958	0.9268298711088593	1.6373994389589848	1.5138221228111368	1.8845540712546804	1.204878832441517	0.7414638968870875	3.3983761940658175	1.8227654131807567	4.973986974950877	1.7300824260698706	1.173984503404555	2.81138394236354	1.359350477626327	1.6991880970329087	4.170734419989867	0.5560979226653155	2.409757664883034	2.162603032587338	0.6796752388131635	3.614636497324551	0.5869922517022775	2.0699200454764526	1.6373994389589848	0.9268298711088593	0.9577242001458212	0.9886185291827833	1.8536597422177186	0.8341468839979733	3.9853684457680947	1.0504071872567071	2.0390257164394905	1.081301516293669	2.409757664883034	2.34796900680911	3.614636497324551	3.7382138134723992	1.9463427293286046	2.6569122971787302	1.235773161478479	1.6991880970329087	1.112195845330631	1.173984503404555	0.9268298711088593	1.9772370583655665	1.173984503404555	1.9154484002916423	4.047157103842019	1.8845540712546804	1.3284561485893651	1.6065051099220227	1.7300824260698706	1.204878832441517	2.7804896133265777	1.2975618195524028	1.266667490515441	2.934961258511388	1.173984503404555	2.50244065199392	0.8032525549610113	1.6991880970329087	1.3902448066632889	2.5951236391048056	3.676425155398475	1.3902448066632889	1.7300824260698706	1.4211391357002507	0.5560979226653155	1.204878832441517	1.6682937679959466	1.143090174367593	1.0195128582197452	2.1934973616243005	2.1317087035503763	0.9268298711088593	3.305693206954931	1.6373994389589848	2.6569122971787302
2008	1.530444922202383	0.728783296286849	1.275370768501986	0.03643916481434245	2.07703239441752	1.2389316036876437	1.530444922202383	3.826112305505958	2.332106548117917	2.7693765258900265	3.7896731406916153	0.18219582407171225	8.089494588784024	1.9677148999744927	1.6762015814597528	1.0202966148015888	1.6397624166454106	0.8381007907298764	1.0567357796159313	1.1296141092446161	2.149910724046205	1.1660532740589584	3.170207338847794	1.1296141092446161	1.4211274277593557	1.3482490981306707	2.07703239441752	1.0202966148015888	1.1296141092446161	3.279524833290821	1.3846882629450132	4.336260612906752	1.93127573516015	0.9838574499872463	2.623619866632657	2.2956673833035746	0.9838574499872463	4.3726997777210945	0.6923441314725066	1.4211274277593557	1.8583974055314652	0.5465874722151368	3.461720657362533	0.6923441314725066	2.07703239441752	1.9677148999744927	1.4940057573880408	1.0202966148015888	1.3118099333163284	1.8948365703458077	0.9109791203585614	3.3159639981051634	0.9474182851729038	1.3482490981306707	0.9109791203585614	2.07703239441752	2.0405932296031777	3.5710381518055607	3.8625514703203	1.457566592573698	2.0405932296031777	1.275370768501986	1.8583974055314652	1.3482490981306707	1.3846882629450132	0.6194658018438218	1.5668840870167255	1.3118099333163284	1.3846882629450132	4.3726997777210945	1.7855190759027804	1.0567357796159313	1.6762015814597528	1.530444922202383	0.8381007907298764	2.0405932296031777	1.3846882629450132	0.7652224611011915	3.060889844404766	1.603323251831068	1.9677148999744927	0.9109791203585614	1.3846882629450132	1.4211274277593557	2.07703239441752	2.5871807018183146	2.4778632073752873	1.0931749444302736	1.2389316036876437	0.9109791203585614	1.202492438873301	1.6397624166454106	0.9838574499872463	1.7490799110884379	3.060889844404766	2.550741537003972	1.0567357796159313	3.170207338847794	1.7490799110884379	2.0405932296031777
2009	1.4980471884864375	0.7757744368947622	1.578299716441068	0	1.3107912899256329	1.3107912899256329	1.4980471884864375	3.71836712856455	1.7120539296987856	2.701835107805896	4.2266331389438765	1.4177946605318066	8.26601037932695	2.3273233106842866	1.3375421325771761	0.9362794928040233	1.5247980311379807	1.7120539296987856	1.2840404472740892	1.0700337060617409	1.578299716441068	1.1502862340163715	3.1833502755336793	1.123535391364828	1.578299716441068	1.8725589856080467	1.4445455031833503	1.0967845487132843	0.9630303354555669	2.6215825798512657	1.0700337060617409	5.002407575838639	3.370606174094484	1.4445455031833503	2.7553367931089827	2.9425926916697875	1.2572896046225457	3.210101118185223	1.1502862340163715	1.3375421325771761	1.4980471884864375	1.230538761971002	3.691616285913006	0.561767695682414	2.594831737199722	1.631801401744155	1.6585522443956984	1.685303087047242	1.1502862340163715	1.3375421325771761	1.123535391364828	3.9858755550799847	0.9897811781071104	2.487828366593548	1.123535391364828	1.9260606709111339	2.9158418490182445	4.092878925686159	3.9591247124284417	1.9795623562142208	2.461077523942004	0.8827778075009363	2.3273233106842866	0.9362794928040233	1.230538761971002	0.8827778075009363	1.3375421325771761	1.3642929752287196	0.8292761221978492	3.531111230003745	2.0063131988657643	1.3107912899256329	1.6585522443956984	2.0865657268203948	1.0432828634101974	2.6750842651543523	0.8025252795463057	1.4980471884864375	2.594831737199722	1.123535391364828	2.35407415333583	1.3642929752287196	1.8993098282595902	1.3107912899256329	2.9425926916697875	2.0865657268203948	1.4980471884864375	1.0700337060617409	1.016532020758654	0.8560269648493928	1.1502862340163715	1.177037076667915	1.2840404472740892	1.5515488737895244	2.594831737199722	3.1833502755336793	1.2037879193194587	3.2903536461398537	1.4177946605318066	1.845808142956503
2010	1.413018832583557	0.7229398678334478	1.8073496695836195	0	1.7087669603336038	1.5773233480002498	1.8073496695836195	3.1546466960004995	1.1829925110001873	3.5161166299172235	3.9104474669172857	3.2860903083338537	9.266774669501467	2.628872246667083	1.5773233480002498	1.6430451541669269	2.3002632158336973	1.8402105726669582	0.8543834801668019	1.9387932819169735	2.2345414096670204	0.7886616740001249	2.5960113435837444	1.1829925110001873	2.0045150880836506	1.413018832583557	2.1688196035003435	1.4787406387502342	0.6900789647501092	3.5489775330005617	1.051548898666833	5.422049008750858	1.9716541850003122	1.1501316079168487	2.0373759911669893	2.6617331497504217	1.34729702641688	3.844725660750609	1.34729702641688	1.5116015418335729	2.46456773125039	0.49291354625007805	3.4175339206672075	1.1501316079168487	1.8730714757502964	1.3801579295002184	1.051548898666833	1.1501316079168487	0.7558007709167864	1.051548898666833	0.6572180616667708	3.088924889833822	0.6572180616667708	2.135958700417005	0.5914962555000937	2.0045150880836506	2.760315859000437	3.6475602422505777	3.7790038545839315	1.544462444916911	2.4317068281670515	1.6101842510835882	1.5116015418335729	0.8872443832501404	1.2815752202502029	0.6900789647501092	2.267402312750359	1.8730714757502964	0.9529661894168175	4.27191740083401	1.905932378833635	1.4787406387502342	1.905932378833635	2.1688196035003435	0.7558007709167864	2.201680506583682	0.7229398678334478	1.0844098017501718	2.46456773125039	2.201680506583682	2.267402312750359	1.9716541850003122	1.8730714757502964	0.8543834801668019	3.3189512114171924	1.8402105726669582	1.5116015418335729	1.051548898666833	2.201680506583682	0.8872443832501404	1.7416278634169424	0.9858270925001561	1.0844098017501718	1.6430451541669269	3.9433083700006244	2.826037665167114	1.7744887665002809	2.990342180583807	1.6430451541669269	1.6430451541669269
2011	0.5796410733664588	1.062675301171841	1.4169004015624547	0.1932136911221529	1.5135072471235311	1.9643391930752212	2.4151711390269113	2.962609930539678	1.7067209382456843	3.7676669768819817	4.476117177663209	2.5761825482953724	7.148906571519658	2.898205366832294	1.062675301171841	0.9016638919033803	1.5135072471235311	1.255888992293994	1.7389232200993763	1.5135072471235311	1.9321369112215292	0.5474387915127666	3.574453285759829	1.223686710440302	1.0948775830255333	1.899934629367837	2.0287437567826054	1.7389232200993763	0.7406524826349195	3.188025903515523	1.3202935560013782	5.281174224005513	2.6083848301490646	0.8050570463423039	2.962609930539678	2.9304076486859856	1.255888992293994	2.737193957563833	1.2880912741476862	1.899934629367837	2.0287437567826054	0.7728547644886116	4.089689795418903	1.6423163745382998	2.382968857173219	1.7389232200993763	1.255888992293994	1.3846981197087627	0.9982707374644567	1.449102683416147	1.0948775830255333	3.799869258735674	0.837259328195996	2.737193957563833	1.3846981197087627	1.9643391930752212	3.252430467222908	5.184567378444437	3.574453285759829	1.7389232200993763	2.99481221239337	1.481304965269839	2.0287437567826054	1.4169004015624547	0.9660684556107646	0.611843355220151	1.3524958378550704	1.6101140926846078	1.1914844285866095	4.669330868785362	1.5135072471235311	1.1914844285866095	1.7711255019530685	1.674518656391992	0.8694616100496881	2.8338008031249093	0.7728547644886116	1.0304730193181488	2.8660030849786016	1.674518656391992	2.5761825482953724	1.674518656391992	1.481304965269839	1.1270798648792253	2.318564293465835	1.674518656391992	1.674518656391992	1.7389232200993763	1.1914844285866095	1.255888992293994	1.449102683416147	1.7711255019530685	1.0948775830255333	0.9660684556107646	3.6710601313209055	2.801598521271217	1.449102683416147	3.0270144942470623	1.5779118108309154	1.7711255019530685
2012	0.8866371120962635	1.2349588347055096	1.1082963901203293	2.5965801139962004	1.9632678910702979	1.4566181127295756	2.026599113362888	3.2932235592146926	2.058264724509183	3.071564281190627	5.098163394553515	2.564914502849905	8.011399620012666	2.849905003166561	1.2982900569981002	0.9816339455351489	1.9949335022165928	1.7099430018999366	1.4566181127295756	2.1532615579480683	2.1532615579480683	1.4566181127295756	2.53324889170361	1.1716276124129195	1.4566181127295756	1.5832805573147561	1.5516149461684612	2.089930335655478	0.8233058898036731	3.451551614946169	0.9816339455351489	5.889803673210893	2.6282457251424955	0.9499683343888536	2.469917669411019	3.7365421152628246	1.4882837238758706	2.53324889170361	1.2349588347055096	1.3616212792906903	1.5516149461684612	1.2982900569981002	5.256491450284991	0.9499683343888536	2.1849271690943635	2.1849271690943635	0.9816339455351489	0.8549715009499683	1.1716276124129195	0.9183027232425586	1.266624445851805	3.578214059531349	0.9499683343888536	2.9132362254591513	1.013299556681444	2.469917669411019	4.148195060164661	5.034832172260924	4.749841671944268	1.6149461684610513	2.4382520582647245	1.3616212792906903	1.4566181127295756	1.4882837238758706	1.3299556681443951	0.8233058898036731	1.519949335022166	2.279924002533249	1.8999366687777073	4.02153261557948	1.5516149461684612	0.9816339455351489	1.519949335022166	1.3616212792906903	1.1082963901203293	2.089930335655478	0.9183027232425586	0.7916402786573781	2.53324889170361	1.9632678910702979	1.9632678910702979	1.1082963901203293	1.7099430018999366	1.013299556681444	3.1032298923369224	0.8866371120962635	1.1399620012666245	1.3616212792906903	1.773274224192527	1.3616212792906903	1.4249525015832805	1.044965167827739	0.759974667511083	1.1716276124129195	4.084863837872071	3.2932235592146926	1.2032932235592149	2.881570614312856	1.1399620012666245	0.9499683343888536
2013	0.5514249740370741	1.2560235519733356	1.0415805065144734	5.452980298811067	1.3785624350926853	1.56237075977171	2.2669693377079714	2.5426818247265084	1.0415805065144734	3.859974818259519	3.8906095390393567	2.910298474084558	8.54708709757465	2.5733165455063456	0.9190416233951235	1.3172929935330104	1.0722152272943108	1.899352688349922	1.2866582727531728	1.7155443636708974	1.899352688349922	0.8884069026152861	2.5733165455063456	0.7658680194959363	1.3172929935330104	1.8687179675700845	1.3785624350926853	1.347927714312848	1.3785624350926853	3.2779151234426074	1.164119389633823	5.299806694911879	3.645531772800657	1.0415805065144734	4.1969567468377305	4.166322026057894	1.2253888311934982	1.9299874091297595	1.347927714312848	1.5317360389918726	1.9299874091297595	0.7352332987160988	4.288860909177243	1.1947541104136608	2.083161013028947	1.623640201331385	1.4091971558725227	1.7155443636708974	0.949676344174961	1.2253888311934982	1.1947541104136608	3.522992889681307	0.949676344174961	3.461723448121632	1.68490964289106	1.7768138052305722	5.115998370232855	4.80965116243448	4.779016441654643	1.1947541104136608	2.849029032524883	1.6542749221112223	1.9299874091297595	1.7768138052305722	1.1028499480741483	0.5514249740370741	1.6542749221112223	0.9190416233951235	1.3172929935330104	4.595208116975618	2.2056998961482965	1.347927714312848	1.9299874091297595	1.3785624350926853	1.0415805065144734	2.665220707845858	0.7658680194959363	1.1028499480741483	2.512047103946671	0.9803110649547985	2.940933194864395	1.0415805065144734	1.2560235519733356	1.2866582727531728	2.971567915644233	0.8271374610556111	1.010945785734636	1.347927714312848	1.3172929935330104	1.164119389633823	1.7768138052305722	1.5317360389918726	0.7658680194959363	1.1947541104136608	3.2779151234426074	3.2779151234426074	1.7461790844507346	4.1969567468377305	1.2253888311934982	1.0415805065144734
2014	0.5430744431635567	1.1108340882890932	1.1108340882890932	7.084652963088218	1.4564269157568113	1.505797319680771	1.5551677236047308	1.9254457530344287	0.19748161569583883	2.715372215817784	0.9627228765172143	2.345094186388086	6.047874480685064	2.048871762844328	1.012093280441174	1.0861488863271134	1.7032789353766098	1.9748161569583882	1.8513901471484888	1.357686107908892	1.999501358920368	0.9874080784791941	3.3818726687912397	1.4317417137948314	2.2710385805021462	1.1355192902510731	1.5798529255667106	1.65390853145265	0.839296866707315	3.35718746682926	0.7405560588593956	3.9002619099928166	2.2463533785401664	0.7899264627833553	2.863483427589663	2.345094186388086	0.7652412608213754	0.7899264627833553	1.333000905946912	1.1355192902510731	1.3823713098708719	1.2836305020229521	4.468021555118353	1.6292233294906702	1.4317417137948314	2.024186560882348	1.1355192902510731	1.1355192902510731	1.530482521642751	1.530482521642751	1.308315703984932	4.245854737460535	0.8639820686692948	3.060965043285502	1.1108340882890932	2.7647426197417437	3.999002717840736	5.2085776139777495	5.677596451255366	1.1848896941750329	4.566762362966273	1.530482521642751	2.3697793883500657	1.2342600980989926	0.9874080784791941	1.333000905946912	1.7279641373385897	1.65390853145265	1.333000905946912	4.048373121764696	1.357686107908892	0.7899264627833553	2.3944645903120456	1.4070565118328517	0.8639820686692948	2.4191497922740255	0.4690188372776172	0.9874080784791941	1.999501358920368	1.530482521642751	1.9748161569583882	1.826704945186509	0.7158708568974157	1.2589453000609723	2.024186560882348	0.5430744431635567	1.7032789353766098	0.9627228765172143	1.1355192902510731	1.4564269157568113	1.9007605510724488	0.6171300490494963	2.0982421667682876	1.505797319680771	2.9622242354375823	3.135020649171441	1.6292233294906702	3.4312430727151995	1.530482521642751	1.3823713098708719
2015	0.3731250466406308	1.5546876943359618	0.9535417858593899	6.799167516562606	1.4510418480468976	1.4510418480468976	1.3266668325000208	1.4925001865625231	0.1865625233203154	1.886354402460967	0.6840625855078232	2.1351044335547207	5.7005215458985266	2.280208618359411	0.9328126166015771	1.305937663242208	1.9692710794922184	2.1351044335547207	1.0779168014062668	1.057187632148454	1.9278127409765926	1.2230209862109567	3.627604620117244	1.5132293558203362	1.6376043713672133	1.5754168635937746	1.430312678789085	1.2022918169531438	0.9535417858593899	4.187292190078191	0.9328126166015771	4.311667205625067	2.5704169879687906	1.057187632148454	3.1301045579297364	2.611875326484416	0.6218750777343847	1.0986459706640797	1.1193751399218925	1.7205210483984643	1.5132293558203362	0.9950001243750155	5.596875699609463	1.886354402460967	1.6168752021094004	1.9070835717187797	0.9328126166015771	1.2230209862109567	1.2644793247265822	1.2230209862109567	1.5754168635937746	4.353125544140693	0.7669792625390746	2.5704169879687906	1.1401043091797054	2.5289586494531644	4.995729791132891	4.643333913750072	5.741979884414152	1.160833478437518	4.6640630830078855	1.181562647695331	1.6997918791406514	1.181562647695331	0.9328126166015771	1.057187632148454	2.4045836339062876	1.6997918791406514	1.6997918791406514	4.290938036367255	1.990000248750031	0.9742709551172027	2.114375264296908	0.8913542780859515	0.6011459084765719	1.6376043713672133	0.6633334162500104	0.8084376010547002	2.5496878187109773	1.3681251710156463	1.5132293558203362	1.305937663242208	1.160833478437518	1.0986459706640797	2.218021110585972	0.20729169257812824	0.9742709551172027	0.7877084317968873	1.8241668946875285	1.2852084939843953	1.6376043713672133	1.2852084939843953	1.0364584628906413	0.7462500932812616	3.0264587116406725	3.0679170501562982	1.3473960017578335	2.943542034609421	1.5132293558203362	1.057187632148454
2016	0.293007378902492	1.611540583963706	1.0743603893091374	9.32740156172933	1.7336269918397444	1.8312961181405751	1.5138714576628756	1.269698641910799	0.12208640787603835	1.611540583963706	0.39067650520332275	1.1964467971851758	6.1775722385275404	1.8557133997157829	1.098777670884345	1.2208640787603835	1.9533825260166136	1.8801306812909904	1.8068788365653674	1.5871233023884983	3.320750294228243	1.5138714576628756	3.8579304888828116	1.2452813603355912	1.6847924286893292	1.2941159234860065	1.6359578655389138	2.0510516523174442	0.6836838841058147	4.663700780864665	0.9766912630083068	4.614866217714249	2.344059031219936	0.9766912630083068	2.2952244680695206	2.4173108759455593	1.0255258261587221	1.2208640787603835	1.3185332050612142	1.7336269918397444	1.1231949524595528	1.8801306812909904	6.788004277907732	1.8068788365653674	1.1231949524595528	2.5638145653968056	1.1964467971851758	0.9766912630083068	1.1476122340347603	1.709209710264537	1.2208640787603835	4.175355149360511	1.269698641910799	2.344059031219936	0.8546048551322685	2.1731380601934824	5.6648093254481795	4.9322908781919494	6.055485830651502	1.0499431077339296	4.468362528263004	1.4406196129372524	1.8557133997157829	0.952273981433099	1.1231949524595528	1.5871233023884983	1.709209710264537	1.2208640787603835	1.9289652444414058	4.492779809838211	1.6359578655389138	0.9034394182826837	2.124303497043067	1.1964467971851758	0.9034394182826837	2.368476312795144	0.586014757804984	0.8546048551322685	2.2952244680695206	1.4162023313620449	1.562706020813291	1.6359578655389138	0.9278566998578914	0.8546048551322685	1.9289652444414058	0.26859009732728434	0.8790221367074761	0.8546048551322685	0.952273981433099	1.0011085445835144	1.611540583963706	1.2941159234860065	0.8301875735570607	0.8301875735570607	3.7602613625819807	3.5160885468299043	2.075468933892652	3.24749844950262	1.0011085445835144	0.8546048551322685
2017	0.23975222697125373	2.0052004437595765	1.1333741638641084	5.928418703289183	1.3949220478327489	1.3513307338379756	1.307739419843202	1.4821046758222958	0.0435913139947734	1.743652559790936	0.435913139947734	1.3513307338379756	7.1053841811480645	2.942413694647205	0.9590089078850149	0.806439308903308	1.0026002218797883	2.2885439847256035	1.024395878877175	1.329535076840589	1.3513307338379756	0.9590089078850149	4.075787858511313	1.7000612457961626	1.5474916468144557	1.961609129764803	1.4821046758222958	1.0897828498693352	0.9154175938902414	4.860431510417234	1.2859437628458152	3.7706486605478995	2.4847048977020836	1.2641481058484285	2.24495267073083	3.421918148589712	0.6756653669189878	0.9154175938902414	1.3949220478327489	1.5039003328196825	1.6782655887987759	2.0052004437595765	11.202967696656765	2.593683182689017	1.7654482167883228	2.092383071749123	1.6782655887987759	1.2859437628458152	1.1769654778588818	1.612878617806616	1.3513307338379756	3.334735520600165	1.2205567918536553	2.0269961007569632	1.024395878877175	1.809039530783096	5.841236075299636	6.713062355195103	7.432319036108866	1.1333741638641084	4.119379172506086	1.373126390835362	1.612878617806616	1.329535076840589	1.0461915358745615	1.5474916468144557	1.7218569027935493	1.6782655887987759	2.724457124673338	4.16297048650086	1.809039530783096	1.1333741638641084	2.0052004437595765	1.2423524488510418	0.871826279895468	1.525695989817069	0.47950445394250746	1.2641481058484285	2.4847048977020836	1.329535076840589	1.6564699318013891	2.092383071749123	1.0026002218797883	0.9154175938902414	2.1795656997386703	0.26154788396864037	1.1333741638641084	1.525695989817069	0.6974610239163744	1.0026002218797883	2.0052004437595765	0.7410523379111479	0.9590089078850149	0.9372132508876282	2.855231066657658	3.138574607623685	2.0269961007569632	3.421918148589712	1.7000612457961626	1.3949220478327489
2018	0.2204750797017413	2.138608273106891	1.0362328745981841	4.916594277348831	1.3889930021209702	1.9622282093454977	2.381130860778806	0.6173302231648756	0.06614252391052239	0.9480428427174877	0.11023753985087065	1.7638006376139304	6.481967343231195	2.0724657491963683	1.0362328745981841	0.8598528108367912	1.3889930021209702	2.337035844838458	1.4330880180613186	1.1464704144490547	1.9181331934051493	0.9700903506876617	3.9465039266611694	1.8519906694946269	1.8960856854349755	1.8960856854349755	1.8740381774648012	1.2126129383595772	0.9700903506876617	4.894546769378658	0.9480428427174877	4.607929165766394	2.6016059404805474	0.7716627789560946	2.6016059404805474	3.6378388150787315	0.7055202550455721	0.7275677630157463	1.4771830340016667	1.1464704144490547	0.7275677630157463	1.9401807013753234	12.96393468646239	2.6457009564208955	2.0724657491963683	3.020508591913856	1.3669454941507961	1.168517922419229	1.4330880180613186	1.1023753985087066	1.521278049942015	3.0646036078542043	1.1464704144490547	2.6457009564208955	1.5653730658823632	2.138608273106891	7.143392582336419	6.371729803380324	8.664670632278433	0.7275677630157463	4.8063567374979606	2.02837073325602	1.984275717315672	0.7055202550455721	1.7197056216735824	2.138608273106891	2.0724657491963683	1.5653730658823632	3.020508591913856	2.66774846439107	0.9259953347473134	0.6173302231648756	1.6976581137034081	1.5433255579121892	0.7937102869262687	1.6094680818227116	0.4409501594034826	0.8378053028666169	2.2929408288981095	1.190565430389403	1.4330880180613186	1.6535630977630598	1.4110405100911443	0.6834727470753981	2.0945132571665424	0.19842757173156716	0.9700903506876617	1.0582803825683582	1.6535630977630598	1.6535630977630598	1.631515589792886	0.7937102869262687	1.1023753985087066	1.190565430389403	3.263031179585772	2.8882235440928112	1.9622282093454977	2.513415908599851	1.3669454941507961	1.190565430389403
2019	1.5635586595090425	1.302965549590869	2.08474487934539	4.951269088445302	3.9088966487726062	3.9088966487726062	1.8241517694272162	0.5211862198363475	0.7817793297545212	2.345337989263564	0.26059310991817375	1.042372439672695	5.993641528117997	4.16948975869078	2.08474487934539	0.7817793297545212	0.26059310991817375	1.042372439672695	3.387710428936259	4.690675978527128	3.127117319018085	0.7817793297545212	4.690675978527128	1.042372439672695	1.5635586595090425	0.7817793297545212	2.08474487934539	5.472455308281648	3.127117319018085	3.127117319018085	0	12.247876166154168	1.8241517694272162	1.042372439672695	1.302965549590869	2.605931099181738	0.5211862198363475	1.302965549590869	10.163131286808776	0.5211862198363475	0	1.8241517694272162	11.987283056235993	4.16948975869078	2.08474487934539	2.345337989263564	0.7817793297545212	2.8665242090999112	1.042372439672695	2.08474487934539	1.042372439672695	5.472455308281648	1.5635586595090425	2.605931099181738	0.7817793297545212	0.5211862198363475	3.6483035388544325	3.9088966487726062	6.775420857872518	2.08474487934539	3.9088966487726062	1.8241517694272162	1.302965549590869	0.26059310991817375	1.5635586595090425	0.7817793297545212	2.605931099181738	1.302965549590869	3.387710428936259	2.605931099181738	1.042372439672695	0.26059310991817375	3.9088966487726062	0.5211862198363475	1.042372439672695	0.7817793297545212	0.26059310991817375	1.042372439672695	1.302965549590869	1.042372439672695	2.605931099181738	1.5635586595090425	1.042372439672695	1.042372439672695	2.605931099181738	0	1.8241517694272162	0.5211862198363475	2.345337989263564	0.5211862198363475	0.7817793297545212	0.26059310991817375	0.7817793297545212	1.042372439672695	4.951269088445302	2.8665242090999112	5.993641528117997	1.302965549590869	1.042372439672695	0.5211862198363475
